"STATION","NAME","LATITUDE","LONGITUDE","ELEVATION","DATE","TAVG","TMAX","TMIN"
"US1NYSF0024","RONKONKOMA 1.4 WSW, NY US","40.7982","-73.15","20.1","2018-01-01",,,
"US1NYSF0024","RONKONKOMA 1.4 WSW, NY US","40.7982","-73.15","20.1","2018-01-02",,,
"US1NYSF0024","RONKONKOMA 1.4 WSW, NY US","40.7982","-73.15","20.1","2018-01-03",,,
"US1NYSF0024","RONKONKOMA 1.4 WSW, NY US","40.7982","-73.15","20.1","2018-01-04",,,
"US1NYSF0024","RONKONKOMA 1.4 WSW, NY US","40.7982","-73.15","20.1","2018-01-05",,,
"US1NYSF0024","RONKONKOMA 1.4 WSW, NY US","40.7982","-73.15","20.1","2018-01-26",,,
"US1NYSF0024","RONKONKOMA 1.4 WSW, NY US","40.7982","-73.15","20.1","2018-01-27",,,
"US1NYSF0024","RONKONKOMA 1.4 WSW, NY US","40.7982","-73.15","20.1","2018-01-28",,,
"US1NYSF0024","RONKONKOMA 1.4 WSW, NY US","40.7982","-73.15","20.1","2018-01-29",,,
"US1NYSF0024","RONKONKOMA 1.4 WSW, NY US","40.7982","-73.15","20.1","2018-01-30",,,
"US1NYSF0024","RONKONKOMA 1.4 WSW, NY US","40.7982","-73.15","20.1","2018-02-01",,,
"US1NYSF0024","RONKONKOMA 1.4 WSW, NY US","40.7982","-73.15","20.1","2018-02-02",,,
"US1NYSF0024","RONKONKOMA 1.4 WSW, NY US","40.7982","-73.15","20.1","2018-02-03",,,
"US1NYSF0024","RONKONKOMA 1.4 WSW, NY US","40.7982","-73.15","20.1","2018-02-04",,,
"US1NYSF0024","RONKONKOMA 1.4 WSW, NY US","40.7982","-73.15","20.1","2018-02-05",,,
"US1NYSF0024","RONKONKOMA 1.4 WSW, NY US","40.7982","-73.15","20.1","2018-02-08",,,
"US1NYSF0024","RONKONKOMA 1.4 WSW, NY US","40.7982","-73.15","20.1","2018-02-10",,,
"US1NYSF0024","RONKONKOMA 1.4 WSW, NY US","40.7982","-73.15","20.1","2018-02-12",,,
"US1NYSF0024","RONKONKOMA 1.4 WSW, NY US","40.7982","-73.15","20.1","2018-02-13",,,
"US1NYSF0024","RONKONKOMA 1.4 WSW, NY US","40.7982","-73.15","20.1","2018-02-14",,,
"US1NYSF0024","RONKONKOMA 1.4 WSW, NY US","40.7982","-73.15","20.1","2018-02-15",,,
"US1NYSF0024","RONKONKOMA 1.4 WSW, NY US","40.7982","-73.15","20.1","2018-02-16",,,
"US1NYSF0024","RONKONKOMA 1.4 WSW, NY US","40.7982","-73.15","20.1","2018-02-18",,,
"US1NYSF0024","RONKONKOMA 1.4 WSW, NY US","40.7982","-73.15","20.1","2018-02-20",,,
"US1NYSF0024","RONKONKOMA 1.4 WSW, NY US","40.7982","-73.15","20.1","2018-02-22",,,
"US1NYSF0024","RONKONKOMA 1.4 WSW, NY US","40.7982","-73.15","20.1","2018-02-23",,,
"US1NYSF0024","RONKONKOMA 1.4 WSW, NY US","40.7982","-73.15","20.1","2018-02-24",,,
"US1NYSF0024","RONKONKOMA 1.4 WSW, NY US","40.7982","-73.15","20.1","2018-02-25",,,
"US1NYSF0024","RONKONKOMA 1.4 WSW, NY US","40.7982","-73.15","20.1","2018-02-26",,,
"US1NYSF0024","RONKONKOMA 1.4 WSW, NY US","40.7982","-73.15","20.1","2018-02-27",,,
"US1NYSF0024","RONKONKOMA 1.4 WSW, NY US","40.7982","-73.15","20.1","2018-02-28",,,
"US1NYSF0024","RONKONKOMA 1.4 WSW, NY US","40.7982","-73.15","20.1","2018-03-01",,,
"US1NYSF0024","RONKONKOMA 1.4 WSW, NY US","40.7982","-73.15","20.1","2018-03-02",,,
"US1NYSF0024","RONKONKOMA 1.4 WSW, NY US","40.7982","-73.15","20.1","2018-03-03",,,
"US1NYSF0024","RONKONKOMA 1.4 WSW, NY US","40.7982","-73.15","20.1","2018-03-04",,,
"US1NYSF0024","RONKONKOMA 1.4 WSW, NY US","40.7982","-73.15","20.1","2018-03-05",,,
"US1NYSF0024","RONKONKOMA 1.4 WSW, NY US","40.7982","-73.15","20.1","2018-03-06",,,
"US1NYSF0024","RONKONKOMA 1.4 WSW, NY US","40.7982","-73.15","20.1","2018-03-07",,,
"US1NYSF0024","RONKONKOMA 1.4 WSW, NY US","40.7982","-73.15","20.1","2018-03-08",,,
"US1NYSF0024","RONKONKOMA 1.4 WSW, NY US","40.7982","-73.15","20.1","2018-03-15",,,
"US1NYSF0024","RONKONKOMA 1.4 WSW, NY US","40.7982","-73.15","20.1","2018-03-22",,,
"US1NYSF0024","RONKONKOMA 1.4 WSW, NY US","40.7982","-73.15","20.1","2018-04-02",,,
"US1NYSF0024","RONKONKOMA 1.4 WSW, NY US","40.7982","-73.15","20.1","2018-04-03",,,
"US1NYSF0024","RONKONKOMA 1.4 WSW, NY US","40.7982","-73.15","20.1","2018-04-04",,,
"US1NYSF0024","RONKONKOMA 1.4 WSW, NY US","40.7982","-73.15","20.1","2018-04-05",,,
"US1NYSF0024","RONKONKOMA 1.4 WSW, NY US","40.7982","-73.15","20.1","2018-04-06",,,
"US1NYSF0024","RONKONKOMA 1.4 WSW, NY US","40.7982","-73.15","20.1","2018-04-07",,,
"US1NYSF0024","RONKONKOMA 1.4 WSW, NY US","40.7982","-73.15","20.1","2018-04-18",,,
"US1NYSF0024","RONKONKOMA 1.4 WSW, NY US","40.7982","-73.15","20.1","2018-04-19",,,
"US1NYSF0024","RONKONKOMA 1.4 WSW, NY US","40.7982","-73.15","20.1","2018-04-20",,,
"US1NYSF0024","RONKONKOMA 1.4 WSW, NY US","40.7982","-73.15","20.1","2018-04-21",,,
"US1NYSF0024","RONKONKOMA 1.4 WSW, NY US","40.7982","-73.15","20.1","2018-04-22",,,
"US1NYSF0024","RONKONKOMA 1.4 WSW, NY US","40.7982","-73.15","20.1","2018-04-23",,,
"US1NYSF0024","RONKONKOMA 1.4 WSW, NY US","40.7982","-73.15","20.1","2018-04-24",,,
"US1NYSF0024","RONKONKOMA 1.4 WSW, NY US","40.7982","-73.15","20.1","2018-04-25",,,
"US1NYSF0024","RONKONKOMA 1.4 WSW, NY US","40.7982","-73.15","20.1","2018-04-26",,,
"US1NYSF0024","RONKONKOMA 1.4 WSW, NY US","40.7982","-73.15","20.1","2018-04-28",,,
"US1NYSF0024","RONKONKOMA 1.4 WSW, NY US","40.7982","-73.15","20.1","2018-04-29",,,
"US1NYSF0024","RONKONKOMA 1.4 WSW, NY US","40.7982","-73.15","20.1","2018-04-30",,,
"US1NYSF0024","RONKONKOMA 1.4 WSW, NY US","40.7982","-73.15","20.1","2018-05-01",,,
"US1NYSF0024","RONKONKOMA 1.4 WSW, NY US","40.7982","-73.15","20.1","2018-05-02",,,
"US1NYSF0024","RONKONKOMA 1.4 WSW, NY US","40.7982","-73.15","20.1","2018-05-03",,,
"US1NYSF0024","RONKONKOMA 1.4 WSW, NY US","40.7982","-73.15","20.1","2018-05-04",,,
"US1NYSF0024","RONKONKOMA 1.4 WSW, NY US","40.7982","-73.15","20.1","2018-05-05",,,
"US1NYSF0024","RONKONKOMA 1.4 WSW, NY US","40.7982","-73.15","20.1","2018-05-06",,,
"US1NYSF0024","RONKONKOMA 1.4 WSW, NY US","40.7982","-73.15","20.1","2018-05-07",,,
"US1NYSF0024","RONKONKOMA 1.4 WSW, NY US","40.7982","-73.15","20.1","2018-05-08",,,
"US1NYSF0024","RONKONKOMA 1.4 WSW, NY US","40.7982","-73.15","20.1","2018-05-09",,,
"US1NYSF0024","RONKONKOMA 1.4 WSW, NY US","40.7982","-73.15","20.1","2018-05-10",,,
"US1NYSF0024","RONKONKOMA 1.4 WSW, NY US","40.7982","-73.15","20.1","2018-05-11",,,
"US1NYSF0024","RONKONKOMA 1.4 WSW, NY US","40.7982","-73.15","20.1","2018-05-12",,,
"US1NYSF0024","RONKONKOMA 1.4 WSW, NY US","40.7982","-73.15","20.1","2018-05-13",,,
"US1NYSF0024","RONKONKOMA 1.4 WSW, NY US","40.7982","-73.15","20.1","2018-05-14",,,
"US1NYSF0024","RONKONKOMA 1.4 WSW, NY US","40.7982","-73.15","20.1","2018-05-15",,,
"US1NYSF0024","RONKONKOMA 1.4 WSW, NY US","40.7982","-73.15","20.1","2018-05-16",,,
"US1NYSF0024","RONKONKOMA 1.4 WSW, NY US","40.7982","-73.15","20.1","2018-05-17",,,
"US1NYSF0024","RONKONKOMA 1.4 WSW, NY US","40.7982","-73.15","20.1","2018-05-18",,,
"US1NYSF0024","RONKONKOMA 1.4 WSW, NY US","40.7982","-73.15","20.1","2018-05-19",,,
"US1NYSF0024","RONKONKOMA 1.4 WSW, NY US","40.7982","-73.15","20.1","2018-05-20",,,
"US1NYSF0024","RONKONKOMA 1.4 WSW, NY US","40.7982","-73.15","20.1","2018-05-21",,,
"US1NYSF0024","RONKONKOMA 1.4 WSW, NY US","40.7982","-73.15","20.1","2018-05-22",,,
"US1NYSF0024","RONKONKOMA 1.4 WSW, NY US","40.7982","-73.15","20.1","2018-05-23",,,
"US1NYSF0024","RONKONKOMA 1.4 WSW, NY US","40.7982","-73.15","20.1","2018-05-24",,,
"US1NYSF0024","RONKONKOMA 1.4 WSW, NY US","40.7982","-73.15","20.1","2018-05-25",,,
"US1NYSF0024","RONKONKOMA 1.4 WSW, NY US","40.7982","-73.15","20.1","2018-05-26",,,
"US1NYSF0024","RONKONKOMA 1.4 WSW, NY US","40.7982","-73.15","20.1","2018-05-27",,,
"US1NYSF0024","RONKONKOMA 1.4 WSW, NY US","40.7982","-73.15","20.1","2018-05-28",,,
"US1NYSF0024","RONKONKOMA 1.4 WSW, NY US","40.7982","-73.15","20.1","2018-05-29",,,
"US1NYSF0024","RONKONKOMA 1.4 WSW, NY US","40.7982","-73.15","20.1","2018-06-07",,,
"US1NYSF0024","RONKONKOMA 1.4 WSW, NY US","40.7982","-73.15","20.1","2018-06-08",,,
"US1NYSF0024","RONKONKOMA 1.4 WSW, NY US","40.7982","-73.15","20.1","2018-06-09",,,
"US1NYSF0024","RONKONKOMA 1.4 WSW, NY US","40.7982","-73.15","20.1","2018-06-10",,,
"US1NYSF0024","RONKONKOMA 1.4 WSW, NY US","40.7982","-73.15","20.1","2018-06-11",,,
"US1NYSF0024","RONKONKOMA 1.4 WSW, NY US","40.7982","-73.15","20.1","2018-06-12",,,
"US1NYSF0024","RONKONKOMA 1.4 WSW, NY US","40.7982","-73.15","20.1","2018-06-13",,,
"US1NYSF0024","RONKONKOMA 1.4 WSW, NY US","40.7982","-73.15","20.1","2018-06-14",,,
"US1NYSF0024","RONKONKOMA 1.4 WSW, NY US","40.7982","-73.15","20.1","2018-06-15",,,
"US1NYSF0024","RONKONKOMA 1.4 WSW, NY US","40.7982","-73.15","20.1","2018-06-16",,,
"US1NYSF0024","RONKONKOMA 1.4 WSW, NY US","40.7982","-73.15","20.1","2018-06-17",,,
"US1NYSF0024","RONKONKOMA 1.4 WSW, NY US","40.7982","-73.15","20.1","2018-06-18",,,
"US1NYSF0024","RONKONKOMA 1.4 WSW, NY US","40.7982","-73.15","20.1","2018-06-19",,,
"US1NYSF0024","RONKONKOMA 1.4 WSW, NY US","40.7982","-73.15","20.1","2018-06-20",,,
"US1NYSF0024","RONKONKOMA 1.4 WSW, NY US","40.7982","-73.15","20.1","2018-06-21",,,
"US1NYSF0024","RONKONKOMA 1.4 WSW, NY US","40.7982","-73.15","20.1","2018-06-22",,,
"US1NYSF0024","RONKONKOMA 1.4 WSW, NY US","40.7982","-73.15","20.1","2018-06-23",,,
"US1NYSF0024","RONKONKOMA 1.4 WSW, NY US","40.7982","-73.15","20.1","2018-06-24",,,
"US1NYSF0024","RONKONKOMA 1.4 WSW, NY US","40.7982","-73.15","20.1","2018-06-25",,,
"US1NYSF0024","RONKONKOMA 1.4 WSW, NY US","40.7982","-73.15","20.1","2018-06-26",,,
"US1NYSF0024","RONKONKOMA 1.4 WSW, NY US","40.7982","-73.15","20.1","2018-06-27",,,
"US1NYSF0024","RONKONKOMA 1.4 WSW, NY US","40.7982","-73.15","20.1","2018-06-28",,,
"US1NYSF0024","RONKONKOMA 1.4 WSW, NY US","40.7982","-73.15","20.1","2018-06-29",,,
"US1NYSF0024","RONKONKOMA 1.4 WSW, NY US","40.7982","-73.15","20.1","2018-06-30",,,
"US1NYSF0024","RONKONKOMA 1.4 WSW, NY US","40.7982","-73.15","20.1","2018-07-01",,,
"US1NYSF0024","RONKONKOMA 1.4 WSW, NY US","40.7982","-73.15","20.1","2018-07-02",,,
"US1NYSF0024","RONKONKOMA 1.4 WSW, NY US","40.7982","-73.15","20.1","2018-07-03",,,
"US1NYSF0024","RONKONKOMA 1.4 WSW, NY US","40.7982","-73.15","20.1","2018-07-04",,,
"US1NYSF0024","RONKONKOMA 1.4 WSW, NY US","40.7982","-73.15","20.1","2018-07-05",,,
"US1NYSF0024","RONKONKOMA 1.4 WSW, NY US","40.7982","-73.15","20.1","2018-07-06",,,
"US1NYSF0024","RONKONKOMA 1.4 WSW, NY US","40.7982","-73.15","20.1","2018-07-07",,,
"US1NYSF0024","RONKONKOMA 1.4 WSW, NY US","40.7982","-73.15","20.1","2018-07-08",,,
"US1NYSF0024","RONKONKOMA 1.4 WSW, NY US","40.7982","-73.15","20.1","2018-07-09",,,
"US1NYSF0024","RONKONKOMA 1.4 WSW, NY US","40.7982","-73.15","20.1","2018-07-10",,,
"US1NYSF0024","RONKONKOMA 1.4 WSW, NY US","40.7982","-73.15","20.1","2018-07-11",,,
"US1NYSF0024","RONKONKOMA 1.4 WSW, NY US","40.7982","-73.15","20.1","2018-07-18",,,
"US1NYSF0024","RONKONKOMA 1.4 WSW, NY US","40.7982","-73.15","20.1","2018-07-19",,,
"US1NYSF0024","RONKONKOMA 1.4 WSW, NY US","40.7982","-73.15","20.1","2018-07-21",,,
"US1NYSF0024","RONKONKOMA 1.4 WSW, NY US","40.7982","-73.15","20.1","2018-07-22",,,
"US1NYSF0024","RONKONKOMA 1.4 WSW, NY US","40.7982","-73.15","20.1","2018-07-23",,,
"US1NYSF0024","RONKONKOMA 1.4 WSW, NY US","40.7982","-73.15","20.1","2018-08-16",,,
"US1NYSF0024","RONKONKOMA 1.4 WSW, NY US","40.7982","-73.15","20.1","2018-08-17",,,
"US1NYSF0024","RONKONKOMA 1.4 WSW, NY US","40.7982","-73.15","20.1","2018-08-18",,,
"US1NYSF0024","RONKONKOMA 1.4 WSW, NY US","40.7982","-73.15","20.1","2018-08-19",,,
"US1NYSF0024","RONKONKOMA 1.4 WSW, NY US","40.7982","-73.15","20.1","2018-08-20",,,
"US1NYSF0024","RONKONKOMA 1.4 WSW, NY US","40.7982","-73.15","20.1","2018-08-21",,,
"US1NYSF0024","RONKONKOMA 1.4 WSW, NY US","40.7982","-73.15","20.1","2018-08-22",,,
"US1NYSF0024","RONKONKOMA 1.4 WSW, NY US","40.7982","-73.15","20.1","2018-08-23",,,
"US1NYSF0024","RONKONKOMA 1.4 WSW, NY US","40.7982","-73.15","20.1","2018-08-24",,,
"US1NYSF0024","RONKONKOMA 1.4 WSW, NY US","40.7982","-73.15","20.1","2018-08-25",,,
"US1NYSF0024","RONKONKOMA 1.4 WSW, NY US","40.7982","-73.15","20.1","2018-08-26",,,
"US1NYSF0024","RONKONKOMA 1.4 WSW, NY US","40.7982","-73.15","20.1","2018-08-27",,,
"US1NYSF0024","RONKONKOMA 1.4 WSW, NY US","40.7982","-73.15","20.1","2018-08-28",,,
"US1NYSF0024","RONKONKOMA 1.4 WSW, NY US","40.7982","-73.15","20.1","2018-08-29",,,
"US1NYSF0024","RONKONKOMA 1.4 WSW, NY US","40.7982","-73.15","20.1","2018-08-30",,,
"US1NYSF0024","RONKONKOMA 1.4 WSW, NY US","40.7982","-73.15","20.1","2018-08-31",,,
"US1NYSF0024","RONKONKOMA 1.4 WSW, NY US","40.7982","-73.15","20.1","2018-09-01",,,
"US1NYSF0024","RONKONKOMA 1.4 WSW, NY US","40.7982","-73.15","20.1","2018-09-05",,,
"US1NYSF0024","RONKONKOMA 1.4 WSW, NY US","40.7982","-73.15","20.1","2018-09-06",,,
"US1NYSF0024","RONKONKOMA 1.4 WSW, NY US","40.7982","-73.15","20.1","2018-09-07",,,
"US1NYSF0024","RONKONKOMA 1.4 WSW, NY US","40.7982","-73.15","20.1","2018-09-08",,,
"US1NYSF0024","RONKONKOMA 1.4 WSW, NY US","40.7982","-73.15","20.1","2018-09-09",,,
"US1NYSF0024","RONKONKOMA 1.4 WSW, NY US","40.7982","-73.15","20.1","2018-09-10",,,
"US1NYSF0024","RONKONKOMA 1.4 WSW, NY US","40.7982","-73.15","20.1","2018-09-11",,,
"US1NYSF0024","RONKONKOMA 1.4 WSW, NY US","40.7982","-73.15","20.1","2018-09-13",,,
"US1NYSF0024","RONKONKOMA 1.4 WSW, NY US","40.7982","-73.15","20.1","2018-09-14",,,
"US1NYSF0024","RONKONKOMA 1.4 WSW, NY US","40.7982","-73.15","20.1","2018-09-15",,,
"US1NYSF0024","RONKONKOMA 1.4 WSW, NY US","40.7982","-73.15","20.1","2018-09-20",,,
"US1NYSF0024","RONKONKOMA 1.4 WSW, NY US","40.7982","-73.15","20.1","2018-09-21",,,
"US1NYSF0024","RONKONKOMA 1.4 WSW, NY US","40.7982","-73.15","20.1","2018-09-22",,,
"US1NYSF0024","RONKONKOMA 1.4 WSW, NY US","40.7982","-73.15","20.1","2018-09-23",,,
"US1NYSF0024","RONKONKOMA 1.4 WSW, NY US","40.7982","-73.15","20.1","2018-09-24",,,
"US1NYSF0024","RONKONKOMA 1.4 WSW, NY US","40.7982","-73.15","20.1","2018-09-25",,,
"US1NYSF0024","RONKONKOMA 1.4 WSW, NY US","40.7982","-73.15","20.1","2018-09-26",,,
"US1NYSF0024","RONKONKOMA 1.4 WSW, NY US","40.7982","-73.15","20.1","2018-10-03",,,
"US1NYSF0024","RONKONKOMA 1.4 WSW, NY US","40.7982","-73.15","20.1","2018-10-04",,,
"US1NYSF0024","RONKONKOMA 1.4 WSW, NY US","40.7982","-73.15","20.1","2018-10-05",,,
"US1NYSF0024","RONKONKOMA 1.4 WSW, NY US","40.7982","-73.15","20.1","2018-10-06",,,
"US1NYSF0024","RONKONKOMA 1.4 WSW, NY US","40.7982","-73.15","20.1","2018-10-07",,,
"US1NYSF0024","RONKONKOMA 1.4 WSW, NY US","40.7982","-73.15","20.1","2018-10-08",,,
"US1NYSF0024","RONKONKOMA 1.4 WSW, NY US","40.7982","-73.15","20.1","2018-10-09",,,
"US1NYSF0024","RONKONKOMA 1.4 WSW, NY US","40.7982","-73.15","20.1","2018-10-10",,,
"US1NYSF0024","RONKONKOMA 1.4 WSW, NY US","40.7982","-73.15","20.1","2018-10-11",,,
"US1NYSF0024","RONKONKOMA 1.4 WSW, NY US","40.7982","-73.15","20.1","2018-10-12",,,
"US1NYSF0024","RONKONKOMA 1.4 WSW, NY US","40.7982","-73.15","20.1","2018-10-13",,,
"US1NYSF0024","RONKONKOMA 1.4 WSW, NY US","40.7982","-73.15","20.1","2018-10-14",,,
"US1NYSF0024","RONKONKOMA 1.4 WSW, NY US","40.7982","-73.15","20.1","2018-10-15",,,
"US1NYSF0024","RONKONKOMA 1.4 WSW, NY US","40.7982","-73.15","20.1","2018-10-16",,,
"US1NYSF0024","RONKONKOMA 1.4 WSW, NY US","40.7982","-73.15","20.1","2018-10-17",,,
"US1NYSF0024","RONKONKOMA 1.4 WSW, NY US","40.7982","-73.15","20.1","2018-10-18",,,
"US1NYSF0024","RONKONKOMA 1.4 WSW, NY US","40.7982","-73.15","20.1","2018-10-19",,,
"US1NYSF0024","RONKONKOMA 1.4 WSW, NY US","40.7982","-73.15","20.1","2018-10-20",,,
"US1NYSF0024","RONKONKOMA 1.4 WSW, NY US","40.7982","-73.15","20.1","2018-10-21",,,
"US1NYSF0024","RONKONKOMA 1.4 WSW, NY US","40.7982","-73.15","20.1","2018-10-22",,,
"US1NYSF0024","RONKONKOMA 1.4 WSW, NY US","40.7982","-73.15","20.1","2018-10-23",,,
"US1NYSF0024","RONKONKOMA 1.4 WSW, NY US","40.7982","-73.15","20.1","2018-10-24",,,
"US1NYSF0024","RONKONKOMA 1.4 WSW, NY US","40.7982","-73.15","20.1","2018-10-25",,,
"US1NYSF0024","RONKONKOMA 1.4 WSW, NY US","40.7982","-73.15","20.1","2018-10-26",,,
"US1NYSF0024","RONKONKOMA 1.4 WSW, NY US","40.7982","-73.15","20.1","2018-11-04",,,
"US1NYSF0024","RONKONKOMA 1.4 WSW, NY US","40.7982","-73.15","20.1","2018-11-05",,,
"US1NYSF0024","RONKONKOMA 1.4 WSW, NY US","40.7982","-73.15","20.1","2018-11-06",,,
"US1NYSF0024","RONKONKOMA 1.4 WSW, NY US","40.7982","-73.15","20.1","2018-11-07",,,
"US1NYSF0024","RONKONKOMA 1.4 WSW, NY US","40.7982","-73.15","20.1","2018-11-08",,,
"US1NYSF0024","RONKONKOMA 1.4 WSW, NY US","40.7982","-73.15","20.1","2018-11-09",,,
"US1NYSF0024","RONKONKOMA 1.4 WSW, NY US","40.7982","-73.15","20.1","2018-11-10",,,
"US1NYSF0024","RONKONKOMA 1.4 WSW, NY US","40.7982","-73.15","20.1","2018-11-11",,,
"US1NYSF0024","RONKONKOMA 1.4 WSW, NY US","40.7982","-73.15","20.1","2018-11-13",,,
"US1NYSF0024","RONKONKOMA 1.4 WSW, NY US","40.7982","-73.15","20.1","2018-11-14",,,
"US1NYSF0024","RONKONKOMA 1.4 WSW, NY US","40.7982","-73.15","20.1","2018-11-15",,,
"US1NYSF0024","RONKONKOMA 1.4 WSW, NY US","40.7982","-73.15","20.1","2018-11-17",,,
"US1NYSF0024","RONKONKOMA 1.4 WSW, NY US","40.7982","-73.15","20.1","2018-11-18",,,
"US1NYSF0024","RONKONKOMA 1.4 WSW, NY US","40.7982","-73.15","20.1","2018-11-19",,,
"US1NYSF0024","RONKONKOMA 1.4 WSW, NY US","40.7982","-73.15","20.1","2018-11-20",,,
"US1NYSF0024","RONKONKOMA 1.4 WSW, NY US","40.7982","-73.15","20.1","2018-11-21",,,
"US1NYSF0024","RONKONKOMA 1.4 WSW, NY US","40.7982","-73.15","20.1","2018-11-22",,,
"US1NYSF0024","RONKONKOMA 1.4 WSW, NY US","40.7982","-73.15","20.1","2018-11-23",,,
"US1NYSF0024","RONKONKOMA 1.4 WSW, NY US","40.7982","-73.15","20.1","2018-11-24",,,
"US1NYSF0024","RONKONKOMA 1.4 WSW, NY US","40.7982","-73.15","20.1","2018-11-25",,,
"US1NYSF0024","RONKONKOMA 1.4 WSW, NY US","40.7982","-73.15","20.1","2018-11-26",,,
"US1NYSF0024","RONKONKOMA 1.4 WSW, NY US","40.7982","-73.15","20.1","2018-11-27",,,
"US1NYSF0024","RONKONKOMA 1.4 WSW, NY US","40.7982","-73.15","20.1","2018-11-28",,,
"US1NYSF0024","RONKONKOMA 1.4 WSW, NY US","40.7982","-73.15","20.1","2018-11-29",,,
"US1NYSF0024","RONKONKOMA 1.4 WSW, NY US","40.7982","-73.15","20.1","2018-11-30",,,
"US1NYSF0024","RONKONKOMA 1.4 WSW, NY US","40.7982","-73.15","20.1","2018-12-01",,,
"US1NYSF0024","RONKONKOMA 1.4 WSW, NY US","40.7982","-73.15","20.1","2018-12-02",,,
"US1NYSF0024","RONKONKOMA 1.4 WSW, NY US","40.7982","-73.15","20.1","2018-12-03",,,
"US1NYSF0024","RONKONKOMA 1.4 WSW, NY US","40.7982","-73.15","20.1","2018-12-04",,,
"US1NYSF0024","RONKONKOMA 1.4 WSW, NY US","40.7982","-73.15","20.1","2018-12-05",,,
"US1NYSF0024","RONKONKOMA 1.4 WSW, NY US","40.7982","-73.15","20.1","2018-12-06",,,
"US1NYSF0024","RONKONKOMA 1.4 WSW, NY US","40.7982","-73.15","20.1","2018-12-07",,,
"US1NYSF0024","RONKONKOMA 1.4 WSW, NY US","40.7982","-73.15","20.1","2018-12-08",,,
"US1NYSF0024","RONKONKOMA 1.4 WSW, NY US","40.7982","-73.15","20.1","2018-12-09",,,
"US1NYSF0024","RONKONKOMA 1.4 WSW, NY US","40.7982","-73.15","20.1","2018-12-10",,,
"US1NYSF0024","RONKONKOMA 1.4 WSW, NY US","40.7982","-73.15","20.1","2018-12-11",,,
"US1NYSF0024","RONKONKOMA 1.4 WSW, NY US","40.7982","-73.15","20.1","2018-12-12",,,
"US1NYSF0024","RONKONKOMA 1.4 WSW, NY US","40.7982","-73.15","20.1","2018-12-13",,,
"US1NYSF0024","RONKONKOMA 1.4 WSW, NY US","40.7982","-73.15","20.1","2018-12-14",,,
"US1NYSF0024","RONKONKOMA 1.4 WSW, NY US","40.7982","-73.15","20.1","2018-12-15",,,
"US1NYSF0024","RONKONKOMA 1.4 WSW, NY US","40.7982","-73.15","20.1","2018-12-16",,,
"US1NYSF0024","RONKONKOMA 1.4 WSW, NY US","40.7982","-73.15","20.1","2018-12-17",,,
"US1NYSF0024","RONKONKOMA 1.4 WSW, NY US","40.7982","-73.15","20.1","2018-12-18",,,
"US1NYSF0024","RONKONKOMA 1.4 WSW, NY US","40.7982","-73.15","20.1","2018-12-20",,,
"US1NYSF0024","RONKONKOMA 1.4 WSW, NY US","40.7982","-73.15","20.1","2018-12-21",,,
"US1NYSF0024","RONKONKOMA 1.4 WSW, NY US","40.7982","-73.15","20.1","2018-12-22",,,
"US1NYSF0024","RONKONKOMA 1.4 WSW, NY US","40.7982","-73.15","20.1","2018-12-23",,,
"US1NYSF0024","RONKONKOMA 1.4 WSW, NY US","40.7982","-73.15","20.1","2018-12-24",,,
"US1NYSF0024","RONKONKOMA 1.4 WSW, NY US","40.7982","-73.15","20.1","2018-12-25",,,
"US1NYSF0024","RONKONKOMA 1.4 WSW, NY US","40.7982","-73.15","20.1","2018-12-26",,,
"USW00004781","ISLIP LI MACARTHUR AIRPORT, NY US","40.7939","-73.1017","25.6","2018-01-01","11","17","6"
"USW00004781","ISLIP LI MACARTHUR AIRPORT, NY US","40.7939","-73.1017","25.6","2018-01-02","17","25","10"
"USW00004781","ISLIP LI MACARTHUR AIRPORT, NY US","40.7939","-73.1017","25.6","2018-01-03","19","28","10"
"USW00004781","ISLIP LI MACARTHUR AIRPORT, NY US","40.7939","-73.1017","25.6","2018-01-04","26","30","21"
"USW00004781","ISLIP LI MACARTHUR AIRPORT, NY US","40.7939","-73.1017","25.6","2018-01-05","15","21","10"
"USW00004781","ISLIP LI MACARTHUR AIRPORT, NY US","40.7939","-73.1017","25.6","2018-01-06","10","12","6"
"USW00004781","ISLIP LI MACARTHUR AIRPORT, NY US","40.7939","-73.1017","25.6","2018-01-07","10","19","2"
"USW00004781","ISLIP LI MACARTHUR AIRPORT, NY US","40.7939","-73.1017","25.6","2018-01-08","27","35","18"
"USW00004781","ISLIP LI MACARTHUR AIRPORT, NY US","40.7939","-73.1017","25.6","2018-01-09","35","42","23"
"USW00004781","ISLIP LI MACARTHUR AIRPORT, NY US","40.7939","-73.1017","25.6","2018-01-10","29","40","15"
"USW00004781","ISLIP LI MACARTHUR AIRPORT, NY US","40.7939","-73.1017","25.6","2018-01-11","41","50","34"
"USW00004781","ISLIP LI MACARTHUR AIRPORT, NY US","40.7939","-73.1017","25.6","2018-01-12","52","58","47"
"USW00004781","ISLIP LI MACARTHUR AIRPORT, NY US","40.7939","-73.1017","25.6","2018-01-13","44","56","20"
"USW00004781","ISLIP LI MACARTHUR AIRPORT, NY US","40.7939","-73.1017","25.6","2018-01-14","21","26","17"
"USW00004781","ISLIP LI MACARTHUR AIRPORT, NY US","40.7939","-73.1017","25.6","2018-01-15","22","27","18"
"USW00004781","ISLIP LI MACARTHUR AIRPORT, NY US","40.7939","-73.1017","25.6","2018-01-16","30","40","21"
"USW00004781","ISLIP LI MACARTHUR AIRPORT, NY US","40.7939","-73.1017","25.6","2018-01-17","37","41","25"
"USW00004781","ISLIP LI MACARTHUR AIRPORT, NY US","40.7939","-73.1017","25.6","2018-01-18","26","32","20"
"USW00004781","ISLIP LI MACARTHUR AIRPORT, NY US","40.7939","-73.1017","25.6","2018-01-19","28","38","20"
"USW00004781","ISLIP LI MACARTHUR AIRPORT, NY US","40.7939","-73.1017","25.6","2018-01-20","41","56","32"
"USW00004781","ISLIP LI MACARTHUR AIRPORT, NY US","40.7939","-73.1017","25.6","2018-01-21","41","51","30"
"USW00004781","ISLIP LI MACARTHUR AIRPORT, NY US","40.7939","-73.1017","25.6","2018-01-22","45","53","41"
"USW00004781","ISLIP LI MACARTHUR AIRPORT, NY US","40.7939","-73.1017","25.6","2018-01-23","50","58","43"
"USW00004781","ISLIP LI MACARTHUR AIRPORT, NY US","40.7939","-73.1017","25.6","2018-01-24","42","44","28"
"USW00004781","ISLIP LI MACARTHUR AIRPORT, NY US","40.7939","-73.1017","25.6","2018-01-25","30","36","27"
"USW00004781","ISLIP LI MACARTHUR AIRPORT, NY US","40.7939","-73.1017","25.6","2018-01-26","30","39","20"
"USW00004781","ISLIP LI MACARTHUR AIRPORT, NY US","40.7939","-73.1017","25.6","2018-01-27","37","47","25"
"USW00004781","ISLIP LI MACARTHUR AIRPORT, NY US","40.7939","-73.1017","25.6","2018-01-28","44","47","40"
"USW00004781","ISLIP LI MACARTHUR AIRPORT, NY US","40.7939","-73.1017","25.6","2018-01-29","38","40","27"
"USW00004781","ISLIP LI MACARTHUR AIRPORT, NY US","40.7939","-73.1017","25.6","2018-01-30","29","34","22"
"USW00004781","ISLIP LI MACARTHUR AIRPORT, NY US","40.7939","-73.1017","25.6","2018-01-31","22","32","15"
"USW00004781","ISLIP LI MACARTHUR AIRPORT, NY US","40.7939","-73.1017","25.6","2018-02-01","34","38","31"
"USW00004781","ISLIP LI MACARTHUR AIRPORT, NY US","40.7939","-73.1017","25.6","2018-02-02","30","37","15"
"USW00004781","ISLIP LI MACARTHUR AIRPORT, NY US","40.7939","-73.1017","25.6","2018-02-03","20","31","11"
"USW00004781","ISLIP LI MACARTHUR AIRPORT, NY US","40.7939","-73.1017","25.6","2018-02-04","37","48","31"
"USW00004781","ISLIP LI MACARTHUR AIRPORT, NY US","40.7939","-73.1017","25.6","2018-02-05","38","47","21"
"USW00004781","ISLIP LI MACARTHUR AIRPORT, NY US","40.7939","-73.1017","25.6","2018-02-06","29","37","20"
"USW00004781","ISLIP LI MACARTHUR AIRPORT, NY US","40.7939","-73.1017","25.6","2018-02-07","32","49","25"
"USW00004781","ISLIP LI MACARTHUR AIRPORT, NY US","40.7939","-73.1017","25.6","2018-02-08","32","35","23"
"USW00004781","ISLIP LI MACARTHUR AIRPORT, NY US","40.7939","-73.1017","25.6","2018-02-09","27","37","18"
"USW00004781","ISLIP LI MACARTHUR AIRPORT, NY US","40.7939","-73.1017","25.6","2018-02-10","42","52","35"
"USW00004781","ISLIP LI MACARTHUR AIRPORT, NY US","40.7939","-73.1017","25.6","2018-02-11","48","54","44"
"USW00004781","ISLIP LI MACARTHUR AIRPORT, NY US","40.7939","-73.1017","25.6","2018-02-12","44","54","30"
"USW00004781","ISLIP LI MACARTHUR AIRPORT, NY US","40.7939","-73.1017","25.6","2018-02-13","30","36","25"
"USW00004781","ISLIP LI MACARTHUR AIRPORT, NY US","40.7939","-73.1017","25.6","2018-02-14","38","46","34"
"USW00004781","ISLIP LI MACARTHUR AIRPORT, NY US","40.7939","-73.1017","25.6","2018-02-15","44","52","41"
"USW00004781","ISLIP LI MACARTHUR AIRPORT, NY US","40.7939","-73.1017","25.6","2018-02-16","51","59","36"
"USW00004781","ISLIP LI MACARTHUR AIRPORT, NY US","40.7939","-73.1017","25.6","2018-02-17","35","39","28"
"USW00004781","ISLIP LI MACARTHUR AIRPORT, NY US","40.7939","-73.1017","25.6","2018-02-18","37","45","29"
"USW00004781","ISLIP LI MACARTHUR AIRPORT, NY US","40.7939","-73.1017","25.6","2018-02-19","39","50","28"
"USW00004781","ISLIP LI MACARTHUR AIRPORT, NY US","40.7939","-73.1017","25.6","2018-02-20","50","64","45"
"USW00004781","ISLIP LI MACARTHUR AIRPORT, NY US","40.7939","-73.1017","25.6","2018-02-21","51","61","47"
"USW00004781","ISLIP LI MACARTHUR AIRPORT, NY US","40.7939","-73.1017","25.6","2018-02-22","47","56","35"
"USW00004781","ISLIP LI MACARTHUR AIRPORT, NY US","40.7939","-73.1017","25.6","2018-02-23","37","41","35"
"USW00004781","ISLIP LI MACARTHUR AIRPORT, NY US","40.7939","-73.1017","25.6","2018-02-24","45","54","40"
"USW00004781","ISLIP LI MACARTHUR AIRPORT, NY US","40.7939","-73.1017","25.6","2018-02-25","43","45","41"
"USW00004781","ISLIP LI MACARTHUR AIRPORT, NY US","40.7939","-73.1017","25.6","2018-02-26","44","51","32"
"USW00004781","ISLIP LI MACARTHUR AIRPORT, NY US","40.7939","-73.1017","25.6","2018-02-27","41","54","29"
"USW00004781","ISLIP LI MACARTHUR AIRPORT, NY US","40.7939","-73.1017","25.6","2018-02-28","44","52","37"
"USW00004781","ISLIP LI MACARTHUR AIRPORT, NY US","40.7939","-73.1017","25.6","2018-03-01","50","60","38"
"USW00004781","ISLIP LI MACARTHUR AIRPORT, NY US","40.7939","-73.1017","25.6","2018-03-02","40","43","35"
"USW00004781","ISLIP LI MACARTHUR AIRPORT, NY US","40.7939","-73.1017","25.6","2018-03-03","40","46","34"
"USW00004781","ISLIP LI MACARTHUR AIRPORT, NY US","40.7939","-73.1017","25.6","2018-03-04","40","44","32"
"USW00004781","ISLIP LI MACARTHUR AIRPORT, NY US","40.7939","-73.1017","25.6","2018-03-05","35","41","32"
"USW00004781","ISLIP LI MACARTHUR AIRPORT, NY US","40.7939","-73.1017","25.6","2018-03-06","36","45","28"
"USW00004781","ISLIP LI MACARTHUR AIRPORT, NY US","40.7939","-73.1017","25.6","2018-03-07","35","38","32"
"USW00004781","ISLIP LI MACARTHUR AIRPORT, NY US","40.7939","-73.1017","25.6","2018-03-08","35","41","32"
"USW00004781","ISLIP LI MACARTHUR AIRPORT, NY US","40.7939","-73.1017","25.6","2018-03-09","34","41","28"
"USW00004781","ISLIP LI MACARTHUR AIRPORT, NY US","40.7939","-73.1017","25.6","2018-03-10","35","41","30"
"USW00004781","ISLIP LI MACARTHUR AIRPORT, NY US","40.7939","-73.1017","25.6","2018-03-11","37","45","27"
"USW00004781","ISLIP LI MACARTHUR AIRPORT, NY US","40.7939","-73.1017","25.6","2018-03-12","36","44","28"
"USW00004781","ISLIP LI MACARTHUR AIRPORT, NY US","40.7939","-73.1017","25.6","2018-03-13","35","38","32"
"USW00004781","ISLIP LI MACARTHUR AIRPORT, NY US","40.7939","-73.1017","25.6","2018-03-14","34","39","29"
"USW00004781","ISLIP LI MACARTHUR AIRPORT, NY US","40.7939","-73.1017","25.6","2018-03-15","36","46","30"
"USW00004781","ISLIP LI MACARTHUR AIRPORT, NY US","40.7939","-73.1017","25.6","2018-03-16","36","41","29"
"USW00004781","ISLIP LI MACARTHUR AIRPORT, NY US","40.7939","-73.1017","25.6","2018-03-17","35","47","25"
"USW00004781","ISLIP LI MACARTHUR AIRPORT, NY US","40.7939","-73.1017","25.6","2018-03-18","32","40","25"
"USW00004781","ISLIP LI MACARTHUR AIRPORT, NY US","40.7939","-73.1017","25.6","2018-03-19","34","43","24"
"USW00004781","ISLIP LI MACARTHUR AIRPORT, NY US","40.7939","-73.1017","25.6","2018-03-20","33","37","26"
"USW00004781","ISLIP LI MACARTHUR AIRPORT, NY US","40.7939","-73.1017","25.6","2018-03-21","35","38","32"
"USW00004781","ISLIP LI MACARTHUR AIRPORT, NY US","40.7939","-73.1017","25.6","2018-03-22","37","47","32"
"USW00004781","ISLIP LI MACARTHUR AIRPORT, NY US","40.7939","-73.1017","25.6","2018-03-23","40","46","31"
"USW00004781","ISLIP LI MACARTHUR AIRPORT, NY US","40.7939","-73.1017","25.6","2018-03-24","40","48","33"
"USW00004781","ISLIP LI MACARTHUR AIRPORT, NY US","40.7939","-73.1017","25.6","2018-03-25","38","43","30"
"USW00004781","ISLIP LI MACARTHUR AIRPORT, NY US","40.7939","-73.1017","25.6","2018-03-26","36","48","27"
"USW00004781","ISLIP LI MACARTHUR AIRPORT, NY US","40.7939","-73.1017","25.6","2018-03-27","35","46","26"
"USW00004781","ISLIP LI MACARTHUR AIRPORT, NY US","40.7939","-73.1017","25.6","2018-03-28","42","48","38"
"USW00004781","ISLIP LI MACARTHUR AIRPORT, NY US","40.7939","-73.1017","25.6","2018-03-29","47","51","43"
"USW00004781","ISLIP LI MACARTHUR AIRPORT, NY US","40.7939","-73.1017","25.6","2018-03-30","52","61","42"
"USW00004781","ISLIP LI MACARTHUR AIRPORT, NY US","40.7939","-73.1017","25.6","2018-03-31","45","54","38"
"USW00004781","ISLIP LI MACARTHUR AIRPORT, NY US","40.7939","-73.1017","25.6","2018-04-01","47","60","37"
"USW00004781","ISLIP LI MACARTHUR AIRPORT, NY US","40.7939","-73.1017","25.6","2018-04-02","37","42","30"
"USW00004781","ISLIP LI MACARTHUR AIRPORT, NY US","40.7939","-73.1017","25.6","2018-04-03","36","43","28"
"USW00004781","ISLIP LI MACARTHUR AIRPORT, NY US","40.7939","-73.1017","25.6","2018-04-04","47","55","40"
"USW00004781","ISLIP LI MACARTHUR AIRPORT, NY US","40.7939","-73.1017","25.6","2018-04-05","40","46","28"
"USW00004781","ISLIP LI MACARTHUR AIRPORT, NY US","40.7939","-73.1017","25.6","2018-04-06","38","53","27"
"USW00004781","ISLIP LI MACARTHUR AIRPORT, NY US","40.7939","-73.1017","25.6","2018-04-07","44","47","37"
"USW00004781","ISLIP LI MACARTHUR AIRPORT, NY US","40.7939","-73.1017","25.6","2018-04-08","38","46","31"
"USW00004781","ISLIP LI MACARTHUR AIRPORT, NY US","40.7939","-73.1017","25.6","2018-04-09","36","45","26"
"USW00004781","ISLIP LI MACARTHUR AIRPORT, NY US","40.7939","-73.1017","25.6","2018-04-10","40","48","31"
"USW00004781","ISLIP LI MACARTHUR AIRPORT, NY US","40.7939","-73.1017","25.6","2018-04-11","39","50","26"
"USW00004781","ISLIP LI MACARTHUR AIRPORT, NY US","40.7939","-73.1017","25.6","2018-04-12","46","53","40"
"USW00004781","ISLIP LI MACARTHUR AIRPORT, NY US","40.7939","-73.1017","25.6","2018-04-13","57","72","50"
"USW00004781","ISLIP LI MACARTHUR AIRPORT, NY US","40.7939","-73.1017","25.6","2018-04-14","56","71","43"
"USW00004781","ISLIP LI MACARTHUR AIRPORT, NY US","40.7939","-73.1017","25.6","2018-04-15","41","43","37"
"USW00004781","ISLIP LI MACARTHUR AIRPORT, NY US","40.7939","-73.1017","25.6","2018-04-16","46","57","40"
"USW00004781","ISLIP LI MACARTHUR AIRPORT, NY US","40.7939","-73.1017","25.6","2018-04-17","45","50","38"
"USW00004781","ISLIP LI MACARTHUR AIRPORT, NY US","40.7939","-73.1017","25.6","2018-04-18","44","54","36"
"USW00004781","ISLIP LI MACARTHUR AIRPORT, NY US","40.7939","-73.1017","25.6","2018-04-19","43","46","37"
"USW00004781","ISLIP LI MACARTHUR AIRPORT, NY US","40.7939","-73.1017","25.6","2018-04-20","43","53","35"
"USW00004781","ISLIP LI MACARTHUR AIRPORT, NY US","40.7939","-73.1017","25.6","2018-04-21","46","61","34"
"USW00004781","ISLIP LI MACARTHUR AIRPORT, NY US","40.7939","-73.1017","25.6","2018-04-22","49","63","36"
"USW00004781","ISLIP LI MACARTHUR AIRPORT, NY US","40.7939","-73.1017","25.6","2018-04-23","49","60","35"
"USW00004781","ISLIP LI MACARTHUR AIRPORT, NY US","40.7939","-73.1017","25.6","2018-04-24","50","63","36"
"USW00004781","ISLIP LI MACARTHUR AIRPORT, NY US","40.7939","-73.1017","25.6","2018-04-25","55","57","51"
"USW00004781","ISLIP LI MACARTHUR AIRPORT, NY US","40.7939","-73.1017","25.6","2018-04-26","59","69","47"
"USW00004781","ISLIP LI MACARTHUR AIRPORT, NY US","40.7939","-73.1017","25.6","2018-04-27","52","55","47"
"USW00004781","ISLIP LI MACARTHUR AIRPORT, NY US","40.7939","-73.1017","25.6","2018-04-28","53","63","45"
"USW00004781","ISLIP LI MACARTHUR AIRPORT, NY US","40.7939","-73.1017","25.6","2018-04-29","53","60","45"
"USW00004781","ISLIP LI MACARTHUR AIRPORT, NY US","40.7939","-73.1017","25.6","2018-04-30","47","52","43"
"USW00004781","ISLIP LI MACARTHUR AIRPORT, NY US","40.7939","-73.1017","25.6","2018-05-01","56","75","41"
"USW00004781","ISLIP LI MACARTHUR AIRPORT, NY US","40.7939","-73.1017","25.6","2018-05-02","68","84","55"
"USW00004781","ISLIP LI MACARTHUR AIRPORT, NY US","40.7939","-73.1017","25.6","2018-05-03","70","82","59"
"USW00004781","ISLIP LI MACARTHUR AIRPORT, NY US","40.7939","-73.1017","25.6","2018-05-04","67","79","59"
"USW00004781","ISLIP LI MACARTHUR AIRPORT, NY US","40.7939","-73.1017","25.6","2018-05-05","65","73","58"
"USW00004781","ISLIP LI MACARTHUR AIRPORT, NY US","40.7939","-73.1017","25.6","2018-05-06","58","63","52"
"USW00004781","ISLIP LI MACARTHUR AIRPORT, NY US","40.7939","-73.1017","25.6","2018-05-07","59","72","49"
"USW00004781","ISLIP LI MACARTHUR AIRPORT, NY US","40.7939","-73.1017","25.6","2018-05-08","57","68","47"
"USW00004781","ISLIP LI MACARTHUR AIRPORT, NY US","40.7939","-73.1017","25.6","2018-05-09","56","70","44"
"USW00004781","ISLIP LI MACARTHUR AIRPORT, NY US","40.7939","-73.1017","25.6","2018-05-10","57","60","56"
"USW00004781","ISLIP LI MACARTHUR AIRPORT, NY US","40.7939","-73.1017","25.6","2018-05-11","63","71","53"
"USW00004781","ISLIP LI MACARTHUR AIRPORT, NY US","40.7939","-73.1017","25.6","2018-05-12","58","62","51"
"USW00004781","ISLIP LI MACARTHUR AIRPORT, NY US","40.7939","-73.1017","25.6","2018-05-13","52","54","50"
"USW00004781","ISLIP LI MACARTHUR AIRPORT, NY US","40.7939","-73.1017","25.6","2018-05-14","55","64","50"
"USW00004781","ISLIP LI MACARTHUR AIRPORT, NY US","40.7939","-73.1017","25.6","2018-05-15","63","76","56"
"USW00004781","ISLIP LI MACARTHUR AIRPORT, NY US","40.7939","-73.1017","25.6","2018-05-16","61","65","54"
"USW00004781","ISLIP LI MACARTHUR AIRPORT, NY US","40.7939","-73.1017","25.6","2018-05-17","59","68","54"
"USW00004781","ISLIP LI MACARTHUR AIRPORT, NY US","40.7939","-73.1017","25.6","2018-05-18","60","62","52"
"USW00004781","ISLIP LI MACARTHUR AIRPORT, NY US","40.7939","-73.1017","25.6","2018-05-19","53","59","49"
"USW00004781","ISLIP LI MACARTHUR AIRPORT, NY US","40.7939","-73.1017","25.6","2018-05-20","65","79","58"
"USW00004781","ISLIP LI MACARTHUR AIRPORT, NY US","40.7939","-73.1017","25.6","2018-05-21","65","74","55"
"USW00004781","ISLIP LI MACARTHUR AIRPORT, NY US","40.7939","-73.1017","25.6","2018-05-22","59","67","53"
"USW00004781","ISLIP LI MACARTHUR AIRPORT, NY US","40.7939","-73.1017","25.6","2018-05-23","66","81","57"
"USW00004781","ISLIP LI MACARTHUR AIRPORT, NY US","40.7939","-73.1017","25.6","2018-05-24","70","82","58"
"USW00004781","ISLIP LI MACARTHUR AIRPORT, NY US","40.7939","-73.1017","25.6","2018-05-25","69","81","57"
"USW00004781","ISLIP LI MACARTHUR AIRPORT, NY US","40.7939","-73.1017","25.6","2018-05-26","73","84","65"
"USW00004781","ISLIP LI MACARTHUR AIRPORT, NY US","40.7939","-73.1017","25.6","2018-05-27","62","68","54"
"USW00004781","ISLIP LI MACARTHUR AIRPORT, NY US","40.7939","-73.1017","25.6","2018-05-28","57","69","53"
"USW00004781","ISLIP LI MACARTHUR AIRPORT, NY US","40.7939","-73.1017","25.6","2018-05-29","66","81","57"
"USW00004781","ISLIP LI MACARTHUR AIRPORT, NY US","40.7939","-73.1017","25.6","2018-05-30","65","73","55"
"USW00004781","ISLIP LI MACARTHUR AIRPORT, NY US","40.7939","-73.1017","25.6","2018-05-31","63","72","55"
"USW00004781","ISLIP LI MACARTHUR AIRPORT, NY US","40.7939","-73.1017","25.6","2018-06-01","67","74","63"
"USW00004781","ISLIP LI MACARTHUR AIRPORT, NY US","40.7939","-73.1017","25.6","2018-06-02","74","89","62"
"USW00004781","ISLIP LI MACARTHUR AIRPORT, NY US","40.7939","-73.1017","25.6","2018-06-03","62","65","50"
"USW00004781","ISLIP LI MACARTHUR AIRPORT, NY US","40.7939","-73.1017","25.6","2018-06-04","56","67","50"
"USW00004781","ISLIP LI MACARTHUR AIRPORT, NY US","40.7939","-73.1017","25.6","2018-06-05","62","71","51"
"USW00004781","ISLIP LI MACARTHUR AIRPORT, NY US","40.7939","-73.1017","25.6","2018-06-06","60","68","51"
"USW00004781","ISLIP LI MACARTHUR AIRPORT, NY US","40.7939","-73.1017","25.6","2018-06-07","60","66","56"
"USW00004781","ISLIP LI MACARTHUR AIRPORT, NY US","40.7939","-73.1017","25.6","2018-06-08","66","76","57"
"USW00004781","ISLIP LI MACARTHUR AIRPORT, NY US","40.7939","-73.1017","25.6","2018-06-09","69","80","60"
"USW00004781","ISLIP LI MACARTHUR AIRPORT, NY US","40.7939","-73.1017","25.6","2018-06-10","68","73","61"
"USW00004781","ISLIP LI MACARTHUR AIRPORT, NY US","40.7939","-73.1017","25.6","2018-06-11","63","70","52"
"USW00004781","ISLIP LI MACARTHUR AIRPORT, NY US","40.7939","-73.1017","25.6","2018-06-12","60","70","48"
"USW00004781","ISLIP LI MACARTHUR AIRPORT, NY US","40.7939","-73.1017","25.6","2018-06-13","65","71","61"
"USW00004781","ISLIP LI MACARTHUR AIRPORT, NY US","40.7939","-73.1017","25.6","2018-06-14","74","84","63"
"USW00004781","ISLIP LI MACARTHUR AIRPORT, NY US","40.7939","-73.1017","25.6","2018-06-15","66","73","55"
"USW00004781","ISLIP LI MACARTHUR AIRPORT, NY US","40.7939","-73.1017","25.6","2018-06-16","69","82","55"
"USW00004781","ISLIP LI MACARTHUR AIRPORT, NY US","40.7939","-73.1017","25.6","2018-06-17","73","87","58"
"USW00004781","ISLIP LI MACARTHUR AIRPORT, NY US","40.7939","-73.1017","25.6","2018-06-18","74","83","68"
"USW00004781","ISLIP LI MACARTHUR AIRPORT, NY US","40.7939","-73.1017","25.6","2018-06-19","79","87","70"
"USW00004781","ISLIP LI MACARTHUR AIRPORT, NY US","40.7939","-73.1017","25.6","2018-06-20","71","80","62"
"USW00004781","ISLIP LI MACARTHUR AIRPORT, NY US","40.7939","-73.1017","25.6","2018-06-21","72","83","65"
"USW00004781","ISLIP LI MACARTHUR AIRPORT, NY US","40.7939","-73.1017","25.6","2018-06-22","67","75","63"
"USW00004781","ISLIP LI MACARTHUR AIRPORT, NY US","40.7939","-73.1017","25.6","2018-06-23","64","66","61"
"USW00004781","ISLIP LI MACARTHUR AIRPORT, NY US","40.7939","-73.1017","25.6","2018-06-24","68","77","63"
"USW00004781","ISLIP LI MACARTHUR AIRPORT, NY US","40.7939","-73.1017","25.6","2018-06-25","72","79","62"
"USW00004781","ISLIP LI MACARTHUR AIRPORT, NY US","40.7939","-73.1017","25.6","2018-06-26","67","75","58"
"USW00004781","ISLIP LI MACARTHUR AIRPORT, NY US","40.7939","-73.1017","25.6","2018-06-27","69","76","65"
"USW00004781","ISLIP LI MACARTHUR AIRPORT, NY US","40.7939","-73.1017","25.6","2018-06-28","72","79","70"
"USW00004781","ISLIP LI MACARTHUR AIRPORT, NY US","40.7939","-73.1017","25.6","2018-06-29","77","89","68"
"USW00004781","ISLIP LI MACARTHUR AIRPORT, NY US","40.7939","-73.1017","25.6","2018-06-30","79","89","65"
"USW00004781","ISLIP LI MACARTHUR AIRPORT, NY US","40.7939","-73.1017","25.6","2018-07-01","82","95","70"
"USW00004781","ISLIP LI MACARTHUR AIRPORT, NY US","40.7939","-73.1017","25.6","2018-07-02","81","89","73"
"USW00004781","ISLIP LI MACARTHUR AIRPORT, NY US","40.7939","-73.1017","25.6","2018-07-03","80","88","76"
"USW00004781","ISLIP LI MACARTHUR AIRPORT, NY US","40.7939","-73.1017","25.6","2018-07-04","79","86","74"
"USW00004781","ISLIP LI MACARTHUR AIRPORT, NY US","40.7939","-73.1017","25.6","2018-07-05","80","87","74"
"USW00004781","ISLIP LI MACARTHUR AIRPORT, NY US","40.7939","-73.1017","25.6","2018-07-06","78","80","68"
"USW00004781","ISLIP LI MACARTHUR AIRPORT, NY US","40.7939","-73.1017","25.6","2018-07-07","69","75","57"
"USW00004781","ISLIP LI MACARTHUR AIRPORT, NY US","40.7939","-73.1017","25.6","2018-07-08","67","79","54"
"USW00004781","ISLIP LI MACARTHUR AIRPORT, NY US","40.7939","-73.1017","25.6","2018-07-09","71","82","59"
"USW00004781","ISLIP LI MACARTHUR AIRPORT, NY US","40.7939","-73.1017","25.6","2018-07-10","76","88","62"
"USW00004781","ISLIP LI MACARTHUR AIRPORT, NY US","40.7939","-73.1017","25.6","2018-07-11","76","86","67"
"USW00004781","ISLIP LI MACARTHUR AIRPORT, NY US","40.7939","-73.1017","25.6","2018-07-12","73","84","65"
"USW00004781","ISLIP LI MACARTHUR AIRPORT, NY US","40.7939","-73.1017","25.6","2018-07-13","72","82","61"
"USW00004781","ISLIP LI MACARTHUR AIRPORT, NY US","40.7939","-73.1017","25.6","2018-07-14","76","85","66"
"USW00004781","ISLIP LI MACARTHUR AIRPORT, NY US","40.7939","-73.1017","25.6","2018-07-15","76","86","70"
"USW00004781","ISLIP LI MACARTHUR AIRPORT, NY US","40.7939","-73.1017","25.6","2018-07-16","79","90","71"
"USW00004781","ISLIP LI MACARTHUR AIRPORT, NY US","40.7939","-73.1017","25.6","2018-07-17","76","82","70"
"USW00004781","ISLIP LI MACARTHUR AIRPORT, NY US","40.7939","-73.1017","25.6","2018-07-18","75","85","65"
"USW00004781","ISLIP LI MACARTHUR AIRPORT, NY US","40.7939","-73.1017","25.6","2018-07-19","72","82","62"
"USW00004781","ISLIP LI MACARTHUR AIRPORT, NY US","40.7939","-73.1017","25.6","2018-07-20","72","81","61"
"USW00004781","ISLIP LI MACARTHUR AIRPORT, NY US","40.7939","-73.1017","25.6","2018-07-21","69","77","62"
"USW00004781","ISLIP LI MACARTHUR AIRPORT, NY US","40.7939","-73.1017","25.6","2018-07-22","74","81","71"
"USW00004781","ISLIP LI MACARTHUR AIRPORT, NY US","40.7939","-73.1017","25.6","2018-07-23","77","84","74"
"USW00004781","ISLIP LI MACARTHUR AIRPORT, NY US","40.7939","-73.1017","25.6","2018-07-24","78","84","74"
"USW00004781","ISLIP LI MACARTHUR AIRPORT, NY US","40.7939","-73.1017","25.6","2018-07-25","76","80","72"
"USW00004781","ISLIP LI MACARTHUR AIRPORT, NY US","40.7939","-73.1017","25.6","2018-07-26","76","83","71"
"USW00004781","ISLIP LI MACARTHUR AIRPORT, NY US","40.7939","-73.1017","25.6","2018-07-27","78","85","71"
"USW00004781","ISLIP LI MACARTHUR AIRPORT, NY US","40.7939","-73.1017","25.6","2018-07-28","77","86","69"
"USW00004781","ISLIP LI MACARTHUR AIRPORT, NY US","40.7939","-73.1017","25.6","2018-07-29","76","82","69"
"USW00004781","ISLIP LI MACARTHUR AIRPORT, NY US","40.7939","-73.1017","25.6","2018-07-30","74","81","65"
"USW00004781","ISLIP LI MACARTHUR AIRPORT, NY US","40.7939","-73.1017","25.6","2018-07-31","72","81","64"
"USW00004781","ISLIP LI MACARTHUR AIRPORT, NY US","40.7939","-73.1017","25.6","2018-08-01","77","83","74"
"USW00004781","ISLIP LI MACARTHUR AIRPORT, NY US","40.7939","-73.1017","25.6","2018-08-02","80","86","77"
"USW00004781","ISLIP LI MACARTHUR AIRPORT, NY US","40.7939","-73.1017","25.6","2018-08-03","79","84","76"
"USW00004781","ISLIP LI MACARTHUR AIRPORT, NY US","40.7939","-73.1017","25.6","2018-08-04","78","83","72"
"USW00004781","ISLIP LI MACARTHUR AIRPORT, NY US","40.7939","-73.1017","25.6","2018-08-05","80","91","69"
"USW00004781","ISLIP LI MACARTHUR AIRPORT, NY US","40.7939","-73.1017","25.6","2018-08-06","82","90","72"
"USW00004781","ISLIP LI MACARTHUR AIRPORT, NY US","40.7939","-73.1017","25.6","2018-08-07","80","86","72"
"USW00004781","ISLIP LI MACARTHUR AIRPORT, NY US","40.7939","-73.1017","25.6","2018-08-08","78","87","72"
"USW00004781","ISLIP LI MACARTHUR AIRPORT, NY US","40.7939","-73.1017","25.6","2018-08-09","81","89","73"
"USW00004781","ISLIP LI MACARTHUR AIRPORT, NY US","40.7939","-73.1017","25.6","2018-08-10","78","88","67"
"USW00004781","ISLIP LI MACARTHUR AIRPORT, NY US","40.7939","-73.1017","25.6","2018-08-11","76","79","71"
"USW00004781","ISLIP LI MACARTHUR AIRPORT, NY US","40.7939","-73.1017","25.6","2018-08-12","76","84","71"
"USW00004781","ISLIP LI MACARTHUR AIRPORT, NY US","40.7939","-73.1017","25.6","2018-08-13","74","78","71"
"USW00004781","ISLIP LI MACARTHUR AIRPORT, NY US","40.7939","-73.1017","25.6","2018-08-14","75","82","69"
"USW00004781","ISLIP LI MACARTHUR AIRPORT, NY US","40.7939","-73.1017","25.6","2018-08-15","77","88","68"
"USW00004781","ISLIP LI MACARTHUR AIRPORT, NY US","40.7939","-73.1017","25.6","2018-08-16","81","90","74"
"USW00004781","ISLIP LI MACARTHUR AIRPORT, NY US","40.7939","-73.1017","25.6","2018-08-17","79","86","73"
"USW00004781","ISLIP LI MACARTHUR AIRPORT, NY US","40.7939","-73.1017","25.6","2018-08-18","78","85","71"
"USW00004781","ISLIP LI MACARTHUR AIRPORT, NY US","40.7939","-73.1017","25.6","2018-08-19","70","73","65"
"USW00004781","ISLIP LI MACARTHUR AIRPORT, NY US","40.7939","-73.1017","25.6","2018-08-20","69","74","65"
"USW00004781","ISLIP LI MACARTHUR AIRPORT, NY US","40.7939","-73.1017","25.6","2018-08-21","69","77","61"
"USW00004781","ISLIP LI MACARTHUR AIRPORT, NY US","40.7939","-73.1017","25.6","2018-08-22","76","85","69"
"USW00004781","ISLIP LI MACARTHUR AIRPORT, NY US","40.7939","-73.1017","25.6","2018-08-23","72","78","61"
"USW00004781","ISLIP LI MACARTHUR AIRPORT, NY US","40.7939","-73.1017","25.6","2018-08-24","70","81","57"
"USW00004781","ISLIP LI MACARTHUR AIRPORT, NY US","40.7939","-73.1017","25.6","2018-08-25","71","79","60"
"USW00004781","ISLIP LI MACARTHUR AIRPORT, NY US","40.7939","-73.1017","25.6","2018-08-26","69","80","57"
"USW00004781","ISLIP LI MACARTHUR AIRPORT, NY US","40.7939","-73.1017","25.6","2018-08-27","78","89","70"
"USW00004781","ISLIP LI MACARTHUR AIRPORT, NY US","40.7939","-73.1017","25.6","2018-08-28","81","92","73"
"USW00004781","ISLIP LI MACARTHUR AIRPORT, NY US","40.7939","-73.1017","25.6","2018-08-29","83","92","75"
"USW00004781","ISLIP LI MACARTHUR AIRPORT, NY US","40.7939","-73.1017","25.6","2018-08-30","82","89","75"
"USW00004781","ISLIP LI MACARTHUR AIRPORT, NY US","40.7939","-73.1017","25.6","2018-08-31","74","79","69"
"USW00004781","ISLIP LI MACARTHUR AIRPORT, NY US","40.7939","-73.1017","25.6","2018-09-01","70","75","65"
"USW00004781","ISLIP LI MACARTHUR AIRPORT, NY US","40.7939","-73.1017","25.6","2018-09-02","71","80","62"
"USW00004781","ISLIP LI MACARTHUR AIRPORT, NY US","40.7939","-73.1017","25.6","2018-09-03","78","84","73"
"USW00004781","ISLIP LI MACARTHUR AIRPORT, NY US","40.7939","-73.1017","25.6","2018-09-04","81","92","74"
"USW00004781","ISLIP LI MACARTHUR AIRPORT, NY US","40.7939","-73.1017","25.6","2018-09-05","78","86","73"
"USW00004781","ISLIP LI MACARTHUR AIRPORT, NY US","40.7939","-73.1017","25.6","2018-09-06","80","88","73"
"USW00004781","ISLIP LI MACARTHUR AIRPORT, NY US","40.7939","-73.1017","25.6","2018-09-07","73","75","69"
"USW00004781","ISLIP LI MACARTHUR AIRPORT, NY US","40.7939","-73.1017","25.6","2018-09-08","68","72","62"
"USW00004781","ISLIP LI MACARTHUR AIRPORT, NY US","40.7939","-73.1017","25.6","2018-09-09","62","63","57"
"USW00004781","ISLIP LI MACARTHUR AIRPORT, NY US","40.7939","-73.1017","25.6","2018-09-10","60","66","57"
"USW00004781","ISLIP LI MACARTHUR AIRPORT, NY US","40.7939","-73.1017","25.6","2018-09-11","70","82","66"
"USW00004781","ISLIP LI MACARTHUR AIRPORT, NY US","40.7939","-73.1017","25.6","2018-09-12","74","80","70"
"USW00004781","ISLIP LI MACARTHUR AIRPORT, NY US","40.7939","-73.1017","25.6","2018-09-13","71","76","68"
"USW00004781","ISLIP LI MACARTHUR AIRPORT, NY US","40.7939","-73.1017","25.6","2018-09-14","71","77","64"
"USW00004781","ISLIP LI MACARTHUR AIRPORT, NY US","40.7939","-73.1017","25.6","2018-09-15","69","80","63"
"USW00004781","ISLIP LI MACARTHUR AIRPORT, NY US","40.7939","-73.1017","25.6","2018-09-16","71","82","63"
"USW00004781","ISLIP LI MACARTHUR AIRPORT, NY US","40.7939","-73.1017","25.6","2018-09-17","71","77","62"
"USW00004781","ISLIP LI MACARTHUR AIRPORT, NY US","40.7939","-73.1017","25.6","2018-09-18","75","82","68"
"USW00004781","ISLIP LI MACARTHUR AIRPORT, NY US","40.7939","-73.1017","25.6","2018-09-19","72","80","63"
"USW00004781","ISLIP LI MACARTHUR AIRPORT, NY US","40.7939","-73.1017","25.6","2018-09-20","67","74","62"
"USW00004781","ISLIP LI MACARTHUR AIRPORT, NY US","40.7939","-73.1017","25.6","2018-09-21","69","72","66"
"USW00004781","ISLIP LI MACARTHUR AIRPORT, NY US","40.7939","-73.1017","25.6","2018-09-22","71","75","62"
"USW00004781","ISLIP LI MACARTHUR AIRPORT, NY US","40.7939","-73.1017","25.6","2018-09-23","64","67","61"
"USW00004781","ISLIP LI MACARTHUR AIRPORT, NY US","40.7939","-73.1017","25.6","2018-09-24","62","67","56"
"USW00004781","ISLIP LI MACARTHUR AIRPORT, NY US","40.7939","-73.1017","25.6","2018-09-25","65","73","59"
"USW00004781","ISLIP LI MACARTHUR AIRPORT, NY US","40.7939","-73.1017","25.6","2018-09-26","73","75","70"
"USW00004781","ISLIP LI MACARTHUR AIRPORT, NY US","40.7939","-73.1017","25.6","2018-09-27","68","73","62"
"USW00004781","ISLIP LI MACARTHUR AIRPORT, NY US","40.7939","-73.1017","25.6","2018-09-28","62","64","54"
"USW00004781","ISLIP LI MACARTHUR AIRPORT, NY US","40.7939","-73.1017","25.6","2018-09-29","62","73","51"
"USW00004781","ISLIP LI MACARTHUR AIRPORT, NY US","40.7939","-73.1017","25.6","2018-09-30","62","71","52"
"USW00004781","ISLIP LI MACARTHUR AIRPORT, NY US","40.7939","-73.1017","25.6","2018-10-01","67","75","59"
"USW00004781","ISLIP LI MACARTHUR AIRPORT, NY US","40.7939","-73.1017","25.6","2018-10-02","69","76","63"
"USW00004781","ISLIP LI MACARTHUR AIRPORT, NY US","40.7939","-73.1017","25.6","2018-10-03","69","77","63"
"USW00004781","ISLIP LI MACARTHUR AIRPORT, NY US","40.7939","-73.1017","25.6","2018-10-04","69","75","64"
"USW00004781","ISLIP LI MACARTHUR AIRPORT, NY US","40.7939","-73.1017","25.6","2018-10-05","66","69","59"
"USW00004781","ISLIP LI MACARTHUR AIRPORT, NY US","40.7939","-73.1017","25.6","2018-10-06","62","68","58"
"USW00004781","ISLIP LI MACARTHUR AIRPORT, NY US","40.7939","-73.1017","25.6","2018-10-07","70","77","66"
"USW00004781","ISLIP LI MACARTHUR AIRPORT, NY US","40.7939","-73.1017","25.6","2018-10-08","65","70","62"
"USW00004781","ISLIP LI MACARTHUR AIRPORT, NY US","40.7939","-73.1017","25.6","2018-10-09","68","74","62"
"USW00004781","ISLIP LI MACARTHUR AIRPORT, NY US","40.7939","-73.1017","25.6","2018-10-10","71","76","67"
"USW00004781","ISLIP LI MACARTHUR AIRPORT, NY US","40.7939","-73.1017","25.6","2018-10-11","71","75","70"
"USW00004781","ISLIP LI MACARTHUR AIRPORT, NY US","40.7939","-73.1017","25.6","2018-10-12","64","70","49"
"USW00004781","ISLIP LI MACARTHUR AIRPORT, NY US","40.7939","-73.1017","25.6","2018-10-13","51","57","42"
"USW00004781","ISLIP LI MACARTHUR AIRPORT, NY US","40.7939","-73.1017","25.6","2018-10-14","50","61","40"
"USW00004781","ISLIP LI MACARTHUR AIRPORT, NY US","40.7939","-73.1017","25.6","2018-10-15","58","69","47"
"USW00004781","ISLIP LI MACARTHUR AIRPORT, NY US","40.7939","-73.1017","25.6","2018-10-16","56","63","47"
"USW00004781","ISLIP LI MACARTHUR AIRPORT, NY US","40.7939","-73.1017","25.6","2018-10-17","52","65","42"
"USW00004781","ISLIP LI MACARTHUR AIRPORT, NY US","40.7939","-73.1017","25.6","2018-10-18","47","52","35"
"USW00004781","ISLIP LI MACARTHUR AIRPORT, NY US","40.7939","-73.1017","25.6","2018-10-19","46","60","33"
"USW00004781","ISLIP LI MACARTHUR AIRPORT, NY US","40.7939","-73.1017","25.6","2018-10-20","58","65","46"
"USW00004781","ISLIP LI MACARTHUR AIRPORT, NY US","40.7939","-73.1017","25.6","2018-10-21","48","51","36"
"USW00004781","ISLIP LI MACARTHUR AIRPORT, NY US","40.7939","-73.1017","25.6","2018-10-22","42","54","32"
"USW00004781","ISLIP LI MACARTHUR AIRPORT, NY US","40.7939","-73.1017","25.6","2018-10-23","51","63","40"
"USW00004781","ISLIP LI MACARTHUR AIRPORT, NY US","40.7939","-73.1017","25.6","2018-10-24","49","56","40"
"USW00004781","ISLIP LI MACARTHUR AIRPORT, NY US","40.7939","-73.1017","25.6","2018-10-25","46","53","37"
"USW00004781","ISLIP LI MACARTHUR AIRPORT, NY US","40.7939","-73.1017","25.6","2018-10-26","43","50","33"
"USW00004781","ISLIP LI MACARTHUR AIRPORT, NY US","40.7939","-73.1017","25.6","2018-10-27","49","56","43"
"USW00004781","ISLIP LI MACARTHUR AIRPORT, NY US","40.7939","-73.1017","25.6","2018-10-28","51","56","45"
"USW00004781","ISLIP LI MACARTHUR AIRPORT, NY US","40.7939","-73.1017","25.6","2018-10-29","53","58","45"
"USW00004781","ISLIP LI MACARTHUR AIRPORT, NY US","40.7939","-73.1017","25.6","2018-10-30","47","56","36"
"USW00004781","ISLIP LI MACARTHUR AIRPORT, NY US","40.7939","-73.1017","25.6","2018-10-31","47","63","34"
"USW00004781","ISLIP LI MACARTHUR AIRPORT, NY US","40.7939","-73.1017","25.6","2018-11-01","60","66","55"
"USW00004781","ISLIP LI MACARTHUR AIRPORT, NY US","40.7939","-73.1017","25.6","2018-11-02","64","67","62"
"USW00004781","ISLIP LI MACARTHUR AIRPORT, NY US","40.7939","-73.1017","25.6","2018-11-03","60","65","46"
"USW00004781","ISLIP LI MACARTHUR AIRPORT, NY US","40.7939","-73.1017","25.6","2018-11-04","47","57","36"
"USW00004781","ISLIP LI MACARTHUR AIRPORT, NY US","40.7939","-73.1017","25.6","2018-11-05","48","54","42"
"USW00004781","ISLIP LI MACARTHUR AIRPORT, NY US","40.7939","-73.1017","25.6","2018-11-06","55","63","51"
"USW00004781","ISLIP LI MACARTHUR AIRPORT, NY US","40.7939","-73.1017","25.6","2018-11-07","57","63","45"
"USW00004781","ISLIP LI MACARTHUR AIRPORT, NY US","40.7939","-73.1017","25.6","2018-11-08","52","58","39"
"USW00004781","ISLIP LI MACARTHUR AIRPORT, NY US","40.7939","-73.1017","25.6","2018-11-09","45","53","34"
"USW00004781","ISLIP LI MACARTHUR AIRPORT, NY US","40.7939","-73.1017","25.6","2018-11-10","47","52","33"
"USW00004781","ISLIP LI MACARTHUR AIRPORT, NY US","40.7939","-73.1017","25.6","2018-11-11","39","47","31"
"USW00004781","ISLIP LI MACARTHUR AIRPORT, NY US","40.7939","-73.1017","25.6","2018-11-12","38","50","27"
"USW00004781","ISLIP LI MACARTHUR AIRPORT, NY US","40.7939","-73.1017","25.6","2018-11-13","50","60","42"
"USW00004781","ISLIP LI MACARTHUR AIRPORT, NY US","40.7939","-73.1017","25.6","2018-11-14","40","43","31"
"USW00004781","ISLIP LI MACARTHUR AIRPORT, NY US","40.7939","-73.1017","25.6","2018-11-15","33","39","31"
"USW00004781","ISLIP LI MACARTHUR AIRPORT, NY US","40.7939","-73.1017","25.6","2018-11-16","41","47","37"
"USW00004781","ISLIP LI MACARTHUR AIRPORT, NY US","40.7939","-73.1017","25.6","2018-11-17","42","50","34"
"USW00004781","ISLIP LI MACARTHUR AIRPORT, NY US","40.7939","-73.1017","25.6","2018-11-18","42","45","36"
"USW00004781","ISLIP LI MACARTHUR AIRPORT, NY US","40.7939","-73.1017","25.6","2018-11-19","45","56","35"
"USW00004781","ISLIP LI MACARTHUR AIRPORT, NY US","40.7939","-73.1017","25.6","2018-11-20","44","46","38"
"USW00004781","ISLIP LI MACARTHUR AIRPORT, NY US","40.7939","-73.1017","25.6","2018-11-21","38","45","27"
"USW00004781","ISLIP LI MACARTHUR AIRPORT, NY US","40.7939","-73.1017","25.6","2018-11-22","26","29","18"
"USW00004781","ISLIP LI MACARTHUR AIRPORT, NY US","40.7939","-73.1017","25.6","2018-11-23","22","32","15"
"USW00004781","ISLIP LI MACARTHUR AIRPORT, NY US","40.7939","-73.1017","25.6","2018-11-24","35","51","22"
"USW00004781","ISLIP LI MACARTHUR AIRPORT, NY US","40.7939","-73.1017","25.6","2018-11-25","49","56","41"
"USW00004781","ISLIP LI MACARTHUR AIRPORT, NY US","40.7939","-73.1017","25.6","2018-11-26","46","53","39"
"USW00004781","ISLIP LI MACARTHUR AIRPORT, NY US","40.7939","-73.1017","25.6","2018-11-27","45","51","36"
"USW00004781","ISLIP LI MACARTHUR AIRPORT, NY US","40.7939","-73.1017","25.6","2018-11-28","39","44","37"
"USW00004781","ISLIP LI MACARTHUR AIRPORT, NY US","40.7939","-73.1017","25.6","2018-11-29","41","48","31"
"USW00004781","ISLIP LI MACARTHUR AIRPORT, NY US","40.7939","-73.1017","25.6","2018-11-30","35","41","27"
"USW00004781","ISLIP LI MACARTHUR AIRPORT, NY US","40.7939","-73.1017","25.6","2018-12-01","39","46","29"
"USW00004781","ISLIP LI MACARTHUR AIRPORT, NY US","40.7939","-73.1017","25.6","2018-12-02","49","57","42"
"USW00004781","ISLIP LI MACARTHUR AIRPORT, NY US","40.7939","-73.1017","25.6","2018-12-03","53","57","44"
"USW00004781","ISLIP LI MACARTHUR AIRPORT, NY US","40.7939","-73.1017","25.6","2018-12-04","41","45","29"
"USW00004781","ISLIP LI MACARTHUR AIRPORT, NY US","40.7939","-73.1017","25.6","2018-12-05","31","37","22"
"USW00004781","ISLIP LI MACARTHUR AIRPORT, NY US","40.7939","-73.1017","25.6","2018-12-06","32","42","23"
"USW00004781","ISLIP LI MACARTHUR AIRPORT, NY US","40.7939","-73.1017","25.6","2018-12-07","36","40","25"
"USW00004781","ISLIP LI MACARTHUR AIRPORT, NY US","40.7939","-73.1017","25.6","2018-12-08","28","36","18"
"USW00004781","ISLIP LI MACARTHUR AIRPORT, NY US","40.7939","-73.1017","25.6","2018-12-09","27","35","21"
"USW00004781","ISLIP LI MACARTHUR AIRPORT, NY US","40.7939","-73.1017","25.6","2018-12-10","32","39","23"
"USW00004781","ISLIP LI MACARTHUR AIRPORT, NY US","40.7939","-73.1017","25.6","2018-12-11","30","42","20"
"USW00004781","ISLIP LI MACARTHUR AIRPORT, NY US","40.7939","-73.1017","25.6","2018-12-12","34","42","25"
"USW00004781","ISLIP LI MACARTHUR AIRPORT, NY US","40.7939","-73.1017","25.6","2018-12-13","34","43","30"
"USW00004781","ISLIP LI MACARTHUR AIRPORT, NY US","40.7939","-73.1017","25.6","2018-12-14","43","50","33"
"USW00004781","ISLIP LI MACARTHUR AIRPORT, NY US","40.7939","-73.1017","25.6","2018-12-15","49","52","45"
"USW00004781","ISLIP LI MACARTHUR AIRPORT, NY US","40.7939","-73.1017","25.6","2018-12-16","43","45","39"
"USW00004781","ISLIP LI MACARTHUR AIRPORT, NY US","40.7939","-73.1017","25.6","2018-12-17","41","47","38"
"USW00004781","ISLIP LI MACARTHUR AIRPORT, NY US","40.7939","-73.1017","25.6","2018-12-18","35","40","26"
"USW00004781","ISLIP LI MACARTHUR AIRPORT, NY US","40.7939","-73.1017","25.6","2018-12-19","30","42","21"
"USW00004781","ISLIP LI MACARTHUR AIRPORT, NY US","40.7939","-73.1017","25.6","2018-12-20","36","53","25"
"USW00004781","ISLIP LI MACARTHUR AIRPORT, NY US","40.7939","-73.1017","25.6","2018-12-21","55","60","53"
"USW00004781","ISLIP LI MACARTHUR AIRPORT, NY US","40.7939","-73.1017","25.6","2018-12-22","48","54","39"
"USW00004781","ISLIP LI MACARTHUR AIRPORT, NY US","40.7939","-73.1017","25.6","2018-12-23","39","43","33"
"USW00004781","ISLIP LI MACARTHUR AIRPORT, NY US","40.7939","-73.1017","25.6","2018-12-24","37","44","33"
"USW00004781","ISLIP LI MACARTHUR AIRPORT, NY US","40.7939","-73.1017","25.6","2018-12-25","36","44","27"
"USW00004781","ISLIP LI MACARTHUR AIRPORT, NY US","40.7939","-73.1017","25.6","2018-12-26","33","43","24"
"USW00004781","ISLIP LI MACARTHUR AIRPORT, NY US","40.7939","-73.1017","25.6","2018-12-27","35","43","28"
"USW00004781","ISLIP LI MACARTHUR AIRPORT, NY US","40.7939","-73.1017","25.6","2018-12-28","46","56","42"
"USW00004781","ISLIP LI MACARTHUR AIRPORT, NY US","40.7939","-73.1017","25.6","2018-12-29","50","55","37"
"USW00004781","ISLIP LI MACARTHUR AIRPORT, NY US","40.7939","-73.1017","25.6","2018-12-30","34","36","29"
"USW00004781","ISLIP LI MACARTHUR AIRPORT, NY US","40.7939","-73.1017","25.6","2018-12-31","35","47","26"
